"","location_name","total_population","total_commuters","less_than_5_min","5_to_9_min","10_to_14_min","15_to_19_min","20_to_24_min","25_to_29_min","30_to_34_min","35_to_39_min","40_to_44_min","45_to_59_min","60_to_89_min","90_or_more_min","urban_area","median_commuter_number","median_commute_bins","median_commute_bin_number","percent_more_than_hour","percent_more_than_90"
"393","Tracy, CA Urbanized Area (2010)",92140,39782,1104,3549,4517,1837,2737,435,3991,344,655,5073,9115,6425,"88273",19892,"45_to_59_min",13,39,16
"412","Waldorf, MD Urbanized Area (2010)",115978,57772,656,2622,4939,6647,4332,1160,6201,1825,2157,9332,11915,5986,"91261",28886,"40_to_44_min",12,31,10
"20","Antioch, CA Urbanized Area (2010)",304063,128865,1877,7020,13541,13927,8675,4537,14522,2769,6712,16334,21941,17010,"02683",64433,"35_to_39_min",11,30,13
"210","Lancaster--Palmdale, CA Urbanized Area (2010)",353643,121415,1114,8292,16745,21798,14383,2397,5212,849,3032,12203,22379,13011,"47611",60708,"20_to_24_min",8,29,11
"266","Murrieta--Temecula--Menifee, CA Urbanized Area (2010)",493787,193432,2101,11584,22549,23666,20430,6472,19522,6029,7683,20242,34298,18856,"60799",96716,"30_to_34_min",10,27,10
"138","Fredericksburg, VA Urbanized Area (2010)",157583,71841,1504,4655,9838,9710,8641,3516,3829,2259,2726,6637,10474,8052,"31600",35921,"25_to_29_min",9,26,11
"399","Twin Rivers--Hightstown, NJ Urbanized Area (2010)",70902,32854,959,1771,3001,4545,3337,1368,3702,1622,1562,3199,4060,3728,"89263",16428,"30_to_34_min",10,24,11
"86","Concord, CA Urbanized Area (2010)",666866,299837,4663,21711,33670,35700,34604,14252,29988,9975,12622,33410,48411,20831,"19504",149919,"30_to_34_min",10,23,7
"165","Hemet, CA Urbanized Area (2010)",184423,58344,1602,5271,8151,5773,5343,2476,6126,2060,2187,6052,7849,5454,"38215",29172,"30_to_34_min",10,23,9
"407","Victorville--Hesperia, CA Urbanized Area (2010)",340982,109640,2454,9847,14167,13500,12761,3363,8470,3679,3231,12739,14406,11023,"90541",54820,"25_to_29_min",9,23,10
"277","New York--Newark, NY--NJ--CT Urbanized Area (2010)",18954313,8663954,122153,468786,739812,848436,948650,440211,1300055,273833,519440,1101008,1319545,582025,"63217",4331978,"30_to_34_min",10,22,7
"405","Vallejo, CA Urbanized Area (2010)",175022,78313,1234,5230,8313,8902,8651,4702,10277,2287,2374,8909,12116,5318,"90028",39157,"30_to_34_min",10,22,7
"244","Manteca, CA Urbanized Area (2010)",90106,36652,947,3086,4774,5201,5608,2494,3233,410,885,1835,3765,4414,"54145",18326,"20_to_24_min",8,22,12
"143","Gilroy--Morgan Hill, CA Urbanized Area (2010)",110039,50841,1291,4572,7293,5834,2668,1237,5195,2614,2480,6925,7692,3040,"33328",25421,"30_to_34_min",10,21,6
"351","Santa Clarita, CA Urbanized Area (2010)",266721,120670,1810,7277,13707,13921,11757,4755,13734,3467,5393,19939,17021,7889,"79309",60336,"30_to_34_min",10,21,7
"137","Frederick, MD Urbanized Area (2010)",154380,77360,1669,6608,11186,13305,7503,2747,5297,1971,2722,8756,10984,4612,"31519",38680,"20_to_24_min",8,20,6
"422","Westminster--Eldersburg, MD Urbanized Area (2010)",66403,32648,532,2576,3294,2938,2462,2147,3187,1146,1657,6539,3741,2429,"94294",16324,"30_to_34_min",10,19,7
"123","Fairfield, CA Urbanized Area (2010)",145455,64771,1904,4955,11365,9373,6154,2530,5598,1284,2803,6256,8397,4152,"28657",32386,"20_to_24_min",8,19,6
"311","Poughkeepsie--Newburgh, NY--NJ Urbanized Area (2010)",434846,193937,3442,15513,26738,23950,19414,10450,25833,4782,8344,19613,19499,16359,"71803",96969,"25_to_29_min",9,18,8
"381","Stockton, CA Urbanized Area (2010)",395975,144028,3145,14528,20316,24100,21884,7304,16572,985,2592,7187,12332,13083,"85087",72014,"20_to_24_min",8,18,9
"297","Petaluma, CA Urbanized Area (2010)",67123,30468,1287,2874,4951,3006,2791,2028,4277,459,1028,2532,3898,1337,"68887",15234,"25_to_29_min",9,17,4
"323","Riverside--San Bernardino, CA Urbanized Area (2010)",2073652,832126,11127,55862,91696,119392,115055,44437,128931,23697,35172,67322,79267,60168,"75340",416064,"25_to_29_min",9,17,7
"225","Livermore, CA Urbanized Area (2010)",89475,44292,797,4084,7088,5733,4908,2229,4395,1247,2169,4000,4762,2880,"50527",22146,"20_to_24_min",8,17,7
"379","Spring Hill, FL Urbanized Area (2010)",162074,52052,1119,4657,6767,9403,7458,1664,6288,823,1310,3771,5819,2973,"84024",26026,"20_to_24_min",8,17,6
"414","Washington, DC--VA--MD Urbanized Area (2010)",4983485,2520260,25477,117965,194898,274124,309580,155452,411051,107200,160594,356646,314874,92399,"92242",1260130,"30_to_34_min",10,16,4
"157","Hammond, LA Urbanized Area (2010)",77310,30424,842,4396,4206,4480,2947,754,1703,796,471,4917,3407,1505,"36514",15212,"20_to_24_min",8,16,5
"345","San Francisco--Oakland, CA Urbanized Area (2010)",3529790,1670682,17881,81781,156256,209036,210361,95521,276645,61490,96256,216549,190856,58050,"78904",835342,"30_to_34_min",10,15,3
"54","Bridgeport--Stamford, CT--NY Urbanized Area (2010)",948116,437342,9623,40532,62958,69109,60316,25696,48807,8080,17004,30835,37614,26768,"10162",218672,"20_to_24_min",8,15,6
"93","Danbury, CT--NY Urbanized Area (2010)",174978,86742,1709,8665,12659,14850,9715,3957,8053,2123,2953,9196,9664,3198,"22096",43372,"20_to_24_min",8,15,4
"124","Fajardo, PR Urbanized Area (2010)",79513,22131,658,1503,2537,4893,3184,973,2560,249,1086,1133,1958,1397,"28981",11066,"20_to_24_min",8,15,6
"220","Leominster--Fitchburg, MA Urbanized Area (2010)",113216,54548,1550,6660,9077,5907,4342,3411,5803,1459,2541,5609,5996,2193,"49096",27274,"20_to_24_min",8,15,4
"305","Port Huron, MI Urbanized Area (2010)",86053,35868,1465,5378,7387,5606,3205,1234,1873,342,1374,2615,4134,1255,"71155",17934,"15_to_19_min",7,15,3
"25","Atlanta, GA Urbanized Area (2010)",4970669,2259159,28248,138816,221744,274475,304417,129610,359508,89976,114514,279510,234641,83700,"03817",1129580,"30_to_34_min",10,14,4
"50","Boston, MA--NH--RI Urbanized Area (2010)",4406447,2214724,43193,154365,231723,260952,272690,125149,342558,83251,119085,270922,237150,73686,"09271",1107362,"30_to_34_min",10,14,3
"73","Chicago, IL--IN Urbanized Area (2010)",8660237,4004221,57168,252147,398036,471725,491593,241727,632856,152089,241495,494282,436761,134342,"16264",2002111,"30_to_34_min",10,14,3
"348","San Juan, PR Urbanized Area (2010)",1979626,635352,11151,37164,58612,92159,87350,30648,114985,14575,27907,69705,70889,20207,"79093",317676,"30_to_34_min",10,14,3
"370","Slidell, LA Urbanized Area (2010)",94136,41986,1204,4685,5075,5321,2872,1112,6322,1573,1890,6263,4350,1319,"82468",20994,"30_to_34_min",10,14,3
"245","Marysville, WA Urbanized Area (2010)",156645,73947,797,4838,6255,9508,12821,5154,11336,1949,2999,7912,7839,2539,"55333",36974,"25_to_29_min",9,14,3
"88","Conroe--The Woodlands, TX Urbanized Area (2010)",296297,129976,2140,11010,18125,24609,16858,6973,13082,2771,4161,11959,15698,2590,"19755",64988,"20_to_24_min",8,14,2
"189","Juana Diaz, PR Urbanized Area (2010)",71765,19820,594,2096,2329,2894,2442,1063,4357,274,488,594,1858,831,"43453",9910,"20_to_24_min",8,14,4
"159","Hanover, PA Urbanized Area (2010)",67824,29668,892,5810,3966,4599,2838,841,2410,544,1134,2349,2616,1669,"36784",14834,"15_to_19_min",7,14,6
"403","Vacaville, CA Urbanized Area (2010)",98354,43715,1080,4749,8595,7452,5352,1627,2490,1258,1383,3735,3126,2868,"89866",21858,"15_to_19_min",7,14,7
"330","Round Lake Beach--McHenry--Grayslake, IL--WI Urbanized Area (2010)",291309,142065,3149,11119,14161,14499,16369,8604,20213,6395,10158,18883,14698,3817,"76474",71033,"30_to_34_min",10,13,3
"232","Los Angeles--Long Beach--Anaheim, CA Urbanized Area (2010)",12615510,5684091,61937,323835,611338,782530,805948,320995,1016124,158211,284213,566760,542919,209281,"51445",2842046,"25_to_29_min",9,13,4
"53","Bremerton, WA Urbanized Area (2010)",210368,93285,1184,6462,12901,17846,15487,5096,11926,2015,4043,3733,5782,6810,"09946",46643,"20_to_24_min",8,13,7
"156","Hagerstown, MD--WV--PA Urbanized Area (2010)",191322,81971,2023,7306,12345,14768,9554,6135,8594,2436,3344,5159,4877,5430,"36190",40986,"20_to_24_min",8,13,7
"428","Winchester, VA Urbanized Area (2010)",70819,31996,1197,3231,6403,6537,5476,573,1859,240,317,1997,2554,1612,"96103",15998,"15_to_19_min",7,13,5
"101","Deltona, FL Urbanized Area (2010)",201009,80761,1363,6829,7902,9195,9869,3043,16015,3703,2123,10902,7393,2424,"23311",40381,"30_to_34_min",10,12,3
"298","Philadelphia, PA--NJ--DE--MD Urbanized Area (2010)",5555493,2514002,48749,185807,278813,317155,355243,170448,374149,89851,133988,269975,211466,78358,"69076",1257002,"25_to_29_min",9,12,3
"310","Pottstown, PA Urbanized Area (2010)",109908,53022,1739,4062,5906,6174,6554,3172,6648,2489,2945,6967,5182,1184,"71749",26512,"25_to_29_min",9,12,2
"361","Seattle, WA Urbanized Area (2010)",3387102,1639616,25904,101472,172009,217020,227957,117994,253636,59571,86393,185958,138702,53000,"80389",819808,"25_to_29_min",9,12,3
"367","Simi Valley, CA Urbanized Area (2010)",127137,63511,1366,6325,9214,7183,7144,3834,8620,3008,4765,4693,5123,2236,"82144",31756,"25_to_29_min",9,12,4
"401","Urban Honolulu, HI Urbanized Area (2010)",837906,409514,7075,27875,47651,56705,57075,23714,73260,10210,19745,37989,35741,12474,"89770",204758,"25_to_29_min",9,12,3
"22","Arecibo, PR Urbanized Area (2010)",125675,33604,463,582,3209,5172,8781,2959,4512,841,1586,1336,2443,1720,"03034",16802,"20_to_24_min",8,12,5
"242","Mandeville--Covington, LA Urbanized Area (2010)",99919,43864,576,4649,7235,6944,5100,1546,4179,856,1776,5804,3568,1631,"53794",21932,"20_to_24_min",8,12,4
"259","Modesto, CA Urbanized Area (2010)",376356,139118,3334,15473,23285,21048,20143,5748,14782,3239,5001,10327,5470,11268,"58006",69560,"20_to_24_min",8,12,8
"271","Nashua, NH--MA Urbanized Area (2010)",229593,121221,4017,10699,15547,16955,15352,9865,15908,3404,4597,10031,10370,4476,"61165",60611,"20_to_24_min",8,12,4
"352","Santa Cruz, CA Urbanized Area (2010)",170825,77131,3124,12024,13354,10538,9856,2322,5937,1719,2318,6742,5878,3319,"79336",38566,"15_to_19_min",7,12,4
"372","South Lyon--Howell, MI Urbanized Area (2010)",123210,61351,2087,5314,6168,6956,6437,3257,6584,2914,4328,10587,5589,1130,"83332",30676,"30_to_34_min",10,11,2
"2","Aberdeen--Bel Air South--Bel Air North, MD Urbanized Area (2010)",215810,102831,2017,8721,11827,12533,12190,5806,13540,4119,5326,15476,7657,3619,"00199",51416,"25_to_29_min",9,11,4
"30","Avondale--Goodyear, AZ Urbanized Area (2010)",221256,93193,1465,4829,11858,10524,13103,5215,15095,2948,5197,12533,8304,2122,"04549",46597,"25_to_29_min",9,11,2
"32","Baltimore, MD Urbanized Area (2010)",2292343,1099447,11808,60012,111471,157166,164524,80976,171760,44603,53323,117560,88222,38022,"04843",549724,"25_to_29_min",9,11,3
"172","Houston, TX Urbanized Area (2010)",5607133,2531009,36615,155738,249976,331823,346659,160307,453694,103820,131191,293720,205909,61557,"40429",1265505,"25_to_29_min",9,11,2
"237","McKinney, TX Urbanized Area (2010)",230180,102897,1488,8745,11689,12502,14457,4352,15131,5093,5342,13001,9010,2087,"52687",51449,"25_to_29_min",9,11,2
"251","Miami, FL Urbanized Area (2010)",5992775,2677808,28087,137823,279797,344481,425671,178854,514045,89424,124790,269856,213425,71555,"56602",1338904,"25_to_29_min",9,11,3
"394","Trenton, NJ Urbanized Area (2010)",293892,131886,2723,10890,17341,24796,24673,6613,16436,3132,3458,7566,9039,5219,"88462",65944,"20_to_24_min",8,11,4
"431","Worcester, MA--CT Urbanized Area (2010)",516888,242307,5334,25848,28981,36388,34704,15415,32414,7139,9320,19261,18683,8820,"97291",121154,"20_to_24_min",8,11,4
"107","Dover, DE Urbanized Area (2010)",118712,49521,1854,4806,10732,7922,5398,2570,3944,1032,1432,4401,3340,2090,"24580",24761,"15_to_19_min",7,11,4
"250","Merced, CA Urbanized Area (2010)",143655,51163,1363,7698,11381,7946,6595,1202,4117,698,1540,2772,2188,3663,"56251",25582,"15_to_19_min",7,11,7
"274","New Bedford, MA Urbanized Area (2010)",150675,65257,1191,8007,11013,12685,9051,2260,5992,1891,1904,4071,4155,3037,"61786",32629,"15_to_19_min",7,11,5
"408","Vineland, NJ Urbanized Area (2010)",93078,37790,519,5871,6917,6840,4270,1653,2755,752,994,3231,3008,980,"90730",18896,"15_to_19_min",7,11,3
"436","Yuba City, CA Urbanized Area (2010)",121165,46577,1552,4926,8638,9939,4478,1418,3043,1113,2909,3570,2930,2061,"97939",23289,"15_to_19_min",7,11,4
"389","Texas City, TX Urbanized Area (2010)",119398,49252,562,3719,7324,7435,5524,3996,6466,1752,3078,4358,3391,1647,"87220",24626,"25_to_29_min",9,10,3
"10","Allentown, PA--NJ Urbanized Area (2010)",673983,308091,9549,31448,45612,48763,46135,23423,39685,6237,9308,17475,18135,12321,"01495",154046,"20_to_24_min",8,10,4
"226","Lodi, CA Urbanized Area (2010)",72464,29659,1279,5269,5823,2342,3552,1150,4719,243,354,2011,1895,1022,"50851",14830,"20_to_24_min",8,10,3
"434","York, PA Urbanized Area (2010)",245052,113473,2118,13373,15663,21997,16185,8683,10663,1993,3529,8336,7545,3388,"97750",56737,"20_to_24_min",8,10,3
"33","Barnstable Town, MA Urbanized Area (2010)",244138,108122,3269,14264,17568,21770,14698,6057,9441,2350,2223,5794,5763,4925,"05167",54062,"15_to_19_min",7,10,5
"149","Greeley, CO Urbanized Area (2010)",135108,59291,1306,9080,9529,13206,7067,2047,4437,1972,1152,3387,4418,1690,"34786",29646,"15_to_19_min",7,10,3
"239","Madera, CA Urbanized Area (2010)",84600,30162,882,5237,6244,3368,2677,961,3329,223,803,3327,2628,483,"52984",15082,"15_to_19_min",7,10,2
"263","Mount Vernon, WA Urbanized Area (2010)",68550,28723,1638,4876,4429,3813,4509,438,2281,867,701,2243,2047,881,"60490",14362,"15_to_19_min",7,10,3
"282","Odessa, TX Urbanized Area (2010)",141261,60608,1516,10327,12384,12718,7248,2469,5867,393,738,1164,3278,2506,"64864",30304,"15_to_19_min",7,10,4
"347","San Jose, CA Urbanized Area (2010)",1788846,826663,6429,45852,87284,120715,140026,60503,151163,23865,40114,73041,55832,21839,"79039",413332,"25_to_29_min",9,9,3
"16","Anderson, IN Urbanized Area (2010)",85800,35458,875,4143,6521,6156,2752,867,3906,819,1751,4447,3090,131,"02386",17730,"20_to_24_min",8,9,0
"129","Flint, MI Urbanized Area (2010)",346311,129857,2719,16610,18981,24276,19901,6725,11890,2028,3228,12183,7888,3428,"29872",64929,"20_to_24_min",8,9,3
"141","Gainesville, GA Urbanized Area (2010)",142202,65470,1420,4015,9653,12796,13113,3591,9070,1300,1062,3395,4148,1907,"32194",32736,"20_to_24_min",8,9,3
"279","North Port--Port Charlotte, FL Urbanized Area (2010)",193362,63220,713,6464,6904,10943,7487,2935,13620,1129,2074,4974,3408,2569,"63838",31610,"20_to_24_min",8,9,4
"390","Thousand Oaks, CA Urbanized Area (2010)",221774,98255,1954,9704,16782,19673,12757,5421,10072,1356,3901,7309,5833,3493,"87490",49128,"20_to_24_min",8,9,4
"171","Houma, LA Urbanized Area (2010)",150101,59875,3761,7958,9937,12129,5889,3299,5297,950,1407,3907,3201,2140,"40375",29938,"15_to_19_min",7,9,4
"193","Kankakee, IL Urbanized Area (2010)",79883,34696,906,5053,8438,5821,4069,731,2201,662,794,2927,2029,1065,"43885",17348,"15_to_19_min",7,9,3
"207","Lake Jackson--Angleton, TX Urbanized Area (2010)",79757,36424,1250,6232,9205,5874,4166,1935,2088,509,244,1672,2602,647,"46801",18212,"15_to_19_min",7,9,2
"309","Portsmouth, NH--ME Urbanized Area (2010)",90690,48396,2312,6607,7910,8288,6250,2591,4411,1155,1423,2962,2384,2103,"71506",24198,"15_to_19_min",7,9,4
"349","San Marcos, TX Urbanized Area (2010)",71643,35566,1535,3279,8322,6208,3614,1037,4053,1211,907,2240,2327,833,"79201",17784,"15_to_19_min",7,9,2
"397","Turlock, CA Urbanized Area (2010)",105948,42480,1637,7809,6827,7306,4993,2537,4583,854,1053,1208,1059,2614,"89083",21240,"15_to_19_min",7,9,6
"100","DeKalb, IL Urbanized Area (2010)",66819,33070,2000,8654,7432,4315,1989,441,883,844,387,2998,1659,1468,"22960",16536,"10_to_14_min",6,9,4
"199","Kissimmee, FL Urbanized Area (2010)",361878,162938,1266,5160,11889,20738,23806,15638,34621,10335,9464,16631,8833,4557,"45451",81470,"30_to_34_min",10,8,3
"62","Cape Coral, FL Urbanized Area (2010)",614941,242832,4651,18890,26515,32277,37877,18180,44276,6535,11077,23143,13630,5781,"13510",121416,"25_to_29_min",9,8,2
"91","Dallas--Fort Worth--Arlington, TX Urbanized Area (2010)",5690531,2670959,45028,177393,298910,373763,406486,182862,472586,96257,129314,263170,171541,53649,"22042",1335480,"25_to_29_min",9,8,2
"102","Denton--Lewisville, TX Urbanized Area (2010)",415255,203012,3434,18240,28465,29022,22073,12471,29864,7903,10295,24293,13838,3114,"23500",101506,"25_to_29_min",9,8,2
"132","Florida--Imbery--Barceloneta, PR Urbanized Area (2010)",71931,18726,95,1229,2865,2791,4425,1504,2562,0,506,1314,755,680,"30115",9364,"20_to_24_min",8,8,4
"256","Mission Viejo--Lake Forest--San Clemente, CA Urbanized Area (2010)",608874,282821,4694,22429,34476,39649,40250,21793,49741,9773,15679,22142,15414,6781,"57709",141411,"20_to_24_min",8,8,2
"265","Murfreesboro, TN Urbanized Area (2010)",159887,80610,892,7165,12214,14105,13145,4715,8965,3044,2480,7241,6213,431,"60733",40306,"20_to_24_min",8,8,1
"307","Portland, OR--WA Urbanized Area (2010)",2028282,964476,18096,76645,114357,151787,148188,76593,139465,35777,45721,81164,54684,21999,"71317",482238,"20_to_24_min",8,8,2
"308","Port St. Lucie, FL Urbanized Area (2010)",416124,161848,3235,11727,22916,26028,22236,8133,23378,5071,5841,19583,10098,3602,"71479",80924,"20_to_24_min",8,8,2
"313","Providence, RI--MA Urbanized Area (2010)",1206706,559622,13931,54038,84608,94646,89784,37952,66620,17310,19784,35582,27513,17854,"72505",279812,"20_to_24_min",8,8,3
"385","Tampa--St. Petersburg, FL Urbanized Area (2010)",2663845,1138871,20521,89800,152687,166193,182066,68982,169613,40189,54571,106811,65210,22228,"86599",569436,"20_to_24_min",8,8,2
"415","Waterbury, CT Urbanized Area (2010)",192420,84695,3897,8299,13197,15437,8147,5613,9664,2796,3499,7765,3334,3047,"92485",42348,"20_to_24_min",8,8,4
"438","Zephyrhills, FL Urbanized Area (2010)",65582,19862,1087,3247,2866,1842,2423,718,1590,1173,906,2430,865,715,"98182",9932,"20_to_24_min",8,8,4
"292","Palm Coast--Daytona Beach--Port Orange, FL Urbanized Area (2010)",371500,133218,2943,12279,26887,27471,18294,6180,14463,2825,4100,7703,6954,3119,"67134",66610,"15_to_19_min",7,8,2
"419","Weirton--Steubenville, WV--OH--PA Urbanized Area (2010)",70392,29035,1602,5237,5156,3532,2225,1067,2083,1479,1784,2661,1405,804,"93592",14518,"15_to_19_min",7,8,3
"287","Orlando, FL Urbanized Area (2010)",1718406,784710,9772,47763,85263,111675,116259,66004,144745,34430,34665,79912,37153,17069,"65863",392356,"25_to_29_min",9,7,2
"4","Aguadilla--Isabela--San Sebastian, PR Urbanized Area (2010)",280302,71668,3095,10680,9690,10827,9318,6072,6547,3891,3167,3374,2877,2130,"00631",35834,"20_to_24_min",8,7,3
"29","Austin, TX Urbanized Area (2010)",1607497,793158,17471,53946,95210,137287,126699,58078,120767,23951,38401,68475,38631,14242,"04384",396580,"20_to_24_min",8,7,2
"34","Baton Rouge, LA Urbanized Area (2010)",626049,285242,5460,25619,40569,47106,54348,18251,41660,5728,7609,19625,13200,6067,"05680",142622,"20_to_24_min",8,7,2
"60","Camarillo, CA Urbanized Area (2010)",74819,35870,627,4565,5722,4806,7179,2284,4466,1047,1306,1277,1630,961,"12754",17936,"20_to_24_min",8,7,3
"76","Clarksville, TN--KY Urbanized Area (2010)",173411,81222,3442,8094,11001,16556,14471,4343,10108,1883,1287,4339,4559,1139,"17317",40612,"20_to_24_min",8,7,1
"103","Denver--Aurora, CO Urbanized Area (2010)",2657289,1304975,22419,86861,141049,197753,211298,102161,231101,47939,57686,119564,67600,19544,"23527",652488,"20_to_24_min",8,7,1
"118","El Paso de Robles (Paso Robles)--Atascadero, CA Urbanized Area (2010)",68324,32968,1479,4631,6321,3798,3298,2819,3865,1233,1681,1634,1344,865,"27261",16484,"20_to_24_min",8,7,3
"196","Kenosha, WI--IL Urbanized Area (2010)",124757,59059,1407,9034,8470,9768,7020,3198,7151,1266,2295,5231,3607,612,"44506",29530,"20_to_24_min",8,7,1
"218","Leesburg--Eustis--Tavares, FL Urbanized Area (2010)",144087,47576,1563,6362,5999,9626,4648,3652,4504,1248,2368,4332,2546,728,"48799",23788,"20_to_24_min",8,7,2
"228","Longmont, CO Urbanized Area (2010)",97360,44335,2205,4393,8049,6972,6188,2897,4831,1348,2370,2184,2740,158,"51175",22168,"20_to_24_min",8,7,0
"272","Nashville-Davidson, TN Urbanized Area (2010)",1074972,520580,9140,42401,57805,80070,81147,37723,94239,17255,18798,47750,26122,8130,"61273",260290,"20_to_24_min",8,7,2
"275","New Haven, CT Urbanized Area (2010)",561897,270645,4844,28761,46770,47715,43019,16677,35532,6050,8230,15311,12007,5729,"62407",135323,"20_to_24_min",8,7,2
"276","New Orleans, LA Urbanized Area (2010)",962389,425444,9955,35629,57343,74921,74194,28390,67824,10030,12198,26290,18167,10503,"62677",212722,"20_to_24_min",8,7,2
"299","Phoenix--Mesa, AZ Urbanized Area (2010)",3994104,1735574,37052,140968,204351,265381,286458,135438,270925,58611,75038,140366,91911,29075,"69184",867788,"20_to_24_min",8,7,2
"300","Pittsburgh, PA Urbanized Area (2010)",1743372,821351,22336,74785,102870,116928,116845,58563,116964,34167,40092,76893,47008,13900,"69697",410676,"20_to_24_min",8,7,2
"331","Sacramento, CA Urbanized Area (2010)",1846331,767933,11206,56107,99444,122953,127247,55968,125351,25587,32725,54496,31995,24854,"77068",383967,"20_to_24_min",8,7,3
"344","San Diego, CA Urbanized Area (2010)",3172773,1430727,20230,101176,189468,243038,243211,106825,225834,43129,58930,101035,68440,29411,"78661",715364,"20_to_24_min",8,7,2
"346","San German--Cabo Rojo--Sabana Grande, PR Urbanized Area (2010)",112496,27728,1214,1059,3738,4220,4971,1335,4948,578,1306,2371,617,1371,"78985",13864,"20_to_24_min",8,7,5
"417","Watsonville, CA Urbanized Area (2010)",82027,34951,804,2698,4898,7888,4992,1415,3793,1139,1756,3255,1619,694,"92890",17476,"20_to_24_min",8,7,2
"430","Winter Haven, FL Urbanized Area (2010)",225577,84265,2259,7352,10094,15786,12210,4429,10928,3220,2446,9727,3257,2557,"96697",42133,"20_to_24_min",8,7,3
"26","Atlantic City, NJ Urbanized Area (2010)",249860,107594,2922,12099,18767,20402,17231,8997,10875,2137,2258,4650,4443,2813,"03898",53798,"15_to_19_min",7,7,3
"130","Florence, AL Urbanized Area (2010)",78660,32777,813,4608,7384,6552,4724,707,3291,217,463,1764,1278,976,"29953",16389,"15_to_19_min",7,7,3
"154","Guayama, PR Urbanized Area (2010)",70736,18042,788,1663,3248,3853,4058,930,950,236,186,929,761,440,"35866",9022,"15_to_19_min",7,7,2
"164","Hattiesburg, MS Urbanized Area (2010)",79310,36758,1184,4802,8469,8992,4743,1825,2476,458,273,946,829,1761,"37594",18380,"15_to_19_min",7,7,5
"184","Janesville, WI Urbanized Area (2010)",69575,33962,484,6471,6727,6465,3672,1436,1972,628,1544,2204,1491,868,"42562",16982,"15_to_19_min",7,7,3
"241","Manchester, NH Urbanized Area (2010)",163735,83167,2469,9074,14690,15625,11166,6719,8353,1459,2946,5002,3012,2652,"53740",41584,"15_to_19_min",7,7,3
"273","Newark, OH Urbanized Area (2010)",75217,34157,1754,5191,7836,4120,4250,793,1981,982,2017,2695,1740,798,"61705",17079,"15_to_19_min",7,7,2
"280","Norwich--New London, CT--RI Urbanized Area (2010)",204430,98307,3925,12531,16448,16822,17225,7426,10163,1084,2690,3002,4423,2568,"64135",49154,"15_to_19_min",7,7,3
"303","Port Arthur, TX Urbanized Area (2010)",156342,60570,2769,9264,10692,10527,10306,2886,7327,518,695,1434,3267,885,"70993",30286,"15_to_19_min",7,7,1
"319","Reading, PA Urbanized Area (2010)",273538,120367,1608,12276,20718,26076,17341,9312,9483,2431,3926,8382,5585,3229,"73693",60184,"15_to_19_min",7,7,3
"327","Rockford, IL Urbanized Area (2010)",284585,122781,3438,14726,23611,26375,19414,6679,9852,2031,2941,5669,4655,3390,"75718",61391,"15_to_19_min",7,7,3
"333","St. Augustine, FL Urbanized Area (2010)",81963,35025,1388,2416,7593,6473,5274,1566,3831,281,818,2844,1812,729,"77230",17513,"15_to_19_min",7,7,2
"355","Santa Rosa, CA Urbanized Area (2010)",321359,149777,5486,18278,25608,28416,23732,9289,14922,2346,3818,6741,6635,4506,"79498",74889,"15_to_19_min",7,7,3
"426","Williamsburg, VA Urbanized Area (2010)",81773,35201,778,5555,6965,5656,4039,1049,2656,1568,1464,3076,1096,1299,"95411",17601,"15_to_19_min",7,7,4
"289","Owensboro, KY Urbanized Area (2010)",73207,30439,1213,6965,7469,6171,2360,138,1264,284,1165,1205,1830,375,"66484",15220,"10_to_14_min",6,7,1
"191","Kailua (Honolulu County)--Kaneohe, HI Urbanized Area (2010)",116849,58783,1369,5365,6737,5033,6445,4131,12958,2541,3595,6804,3104,701,"43669",29392,"30_to_34_min",10,6,1
"19","Anniston--Oxford, AL Urbanized Area (2010)",77916,29745,971,2228,6368,4406,5227,1612,3889,1028,580,1655,1093,688,"02629",14873,"20_to_24_min",8,6,2
"69","Charlotte, NC--SC Urbanized Area (2010)",1440707,672191,8096,51433,75525,104138,109993,55996,116162,27336,28637,56760,26278,11837,"15670",336096,"20_to_24_min",8,6,2
"87","Concord, NC Urbanized Area (2010)",230050,100010,1927,11956,13467,15849,14086,5140,16022,3879,3802,7839,5028,1015,"19558",50006,"20_to_24_min",8,6,1
"105","Detroit, MI Urbanized Area (2010)",3725215,1631324,23685,120586,200761,257331,253837,125051,256689,64324,84975,145009,75384,23692,"23824",815662,"20_to_24_min",8,6,1
"108","Dover--Rochester, NH--ME Urbanized Area (2010)",92379,48244,1106,5544,9036,6685,7343,4884,4936,1419,2360,2264,1290,1377,"24607",24122,"20_to_24_min",8,6,3
"111","Durham, NC Urbanized Area (2010)",386855,186844,3937,15281,30339,35794,34444,13026,24877,4220,6263,8194,7318,3151,"25228",93422,"20_to_24_min",8,6,2
"142","Gastonia, NC--SC Urbanized Area (2010)",176831,76810,912,8229,8798,12196,11189,6250,13073,2686,3256,5923,3121,1177,"32653",38406,"20_to_24_min",8,6,2
"182","Jacksonville, FL Urbanized Area (2010)",1151103,526104,7614,39630,50680,83120,100953,42978,89411,20194,24248,35598,20492,11186,"42346",263052,"20_to_24_min",8,6,2
"209","Lancaster, PA Urbanized Area (2010)",419373,198290,5971,24182,31136,31926,31228,15915,23425,7159,5006,10651,7080,4611,"47530",99146,"20_to_24_min",8,6,2
"281","Ocala, FL Urbanized Area (2010)",161174,57996,1396,7023,7258,12094,11809,5507,4103,1322,1247,2980,1612,1645,"64567",28998,"20_to_24_min",8,6,3
"290","Oxnard, CA Urbanized Area (2010)",381540,171538,3398,12657,24967,23979,27271,29143,25240,2246,4008,8653,6340,3636,"66673",85770,"20_to_24_min",8,6,2
"343","San Antonio, TX Urbanized Area (2010)",1979043,878069,12238,66127,107350,147046,158824,69632,145533,29967,30387,61755,31474,17736,"78580",439035,"20_to_24_min",8,6,2
"356","Sarasota--Bradenton, FL Urbanized Area (2010)",711272,262277,3616,24266,40377,43029,52691,15893,40431,7142,7580,12527,9754,4971,"79606",131139,"20_to_24_min",8,6,2
"433","Yauco, PR Urbanized Area (2010)",78110,17706,217,1398,4482,2581,1755,886,3466,364,704,873,116,864,"97561",8854,"20_to_24_min",8,6,5
"9","Alexandria, LA Urbanized Area (2010)",80978,31810,1078,5346,7188,7429,4084,802,2346,711,0,765,862,1199,"01279",15906,"15_to_19_min",7,6,4
"11","Alton, IL--MO Urbanized Area (2010)",82985,35520,1909,4156,6387,5526,4542,1945,2824,1148,2106,2777,1721,479,"01765",17760,"15_to_19_min",7,6,1
"24","Athens-Clarke County, GA Urbanized Area (2010)",136116,61291,1660,8987,13492,14075,7797,2512,3785,1316,930,3306,2136,1295,"03763",30646,"15_to_19_min",7,6,2
"36","Bay City, MI Urbanized Area (2010)",69712,27239,1624,4430,4261,4392,3427,2430,3465,690,217,639,1031,633,"05869",13620,"15_to_19_min",7,6,2
"38","Bellingham, WA Urbanized Area (2010)",122026,59048,980,9270,12212,13219,7778,3584,5607,1311,767,1071,1312,1937,"06652",29524,"15_to_19_min",7,6,3
"55","Bristol--Bristol, TN--VA Urbanized Area (2010)",68138,25942,1050,3153,4159,5981,3225,1522,2713,646,713,1256,363,1161,"10351",12972,"15_to_19_min",7,6,4
"61","Canton, OH Urbanized Area (2010)",277134,123353,3669,14029,25351,23521,17670,8706,11259,3493,3692,4951,4603,2409,"13375",61677,"15_to_19_min",7,6,2
"133","Fort Collins, CO Urbanized Area (2010)",300448,144381,6334,18110,26404,24781,22450,11154,14144,2340,4364,6255,5219,2826,"30628",72191,"15_to_19_min",7,6,2
"190","Kahului, HI Urbanized Area (2010)",65687,30244,447,5966,5987,4718,2799,1045,3861,604,970,2173,1427,247,"43615",15122,"15_to_19_min",7,6,1
"195","Kennewick--Pasco, WA Urbanized Area (2010)",232954,97769,2675,10981,13671,25285,18793,5605,6333,886,2264,5721,4033,1522,"44479",48885,"15_to_19_min",7,6,2
"204","Lafayette, LA Urbanized Area (2010)",262653,119329,4554,14483,26189,20507,18817,6727,11796,2185,2761,4196,3032,4082,"46045",59665,"15_to_19_min",7,6,3
"217","Lebanon, PA Urbanized Area (2010)",80927,35201,2044,5343,6966,4090,4751,1649,3217,929,768,3448,1473,523,"48664",17601,"15_to_19_min",7,6,1
"243","Mansfield, OH Urbanized Area (2010)",73819,29008,422,5052,7797,6737,2809,1306,1876,202,230,935,1005,637,"54091",14504,"15_to_19_min",7,6,2
"264","Muncie, IN Urbanized Area (2010)",88283,36294,1774,5682,8354,7387,3563,1071,3080,1186,617,1406,1789,385,"60625",18148,"15_to_19_min",7,6,1
"270","Napa, CA Urbanized Area (2010)",88611,41328,1210,6071,8502,6915,4678,1993,5557,946,1064,1858,1681,853,"61057",20664,"15_to_19_min",7,6,2
"285","Olympia--Lacey, WA Urbanized Area (2010)",188340,79986,1772,8937,14143,16157,12497,5159,8906,2089,2252,3426,3576,1072,"65242",39994,"15_to_19_min",7,6,1
"306","Portland, ME Urbanized Area (2010)",213538,109790,3975,11563,17508,22901,17446,7834,13029,1766,2887,4737,3156,2988,"71263",54896,"15_to_19_min",7,6,3
"338","Salem, OR Urbanized Area (2010)",252890,107087,2101,8843,20467,25184,17790,4989,10338,1797,1546,7164,3827,3041,"78229",53544,"15_to_19_min",7,6,3
"362","Sebastian--Vero Beach South--Florida Ridge, FL Urbanized Area (2010)",160489,52464,1928,6083,9254,12373,9081,2288,4146,1579,1262,1363,1095,2012,"80400",26232,"15_to_19_min",7,6,4
"382","Sumter, SC Urbanized Area (2010)",72852,29384,1037,3700,7316,6784,3490,871,1373,292,1047,1760,1468,246,"85708",14692,"15_to_19_min",7,6,1
"301","Pocatello, ID Urbanized Area (2010)",70230,28798,2077,7231,9250,5230,1099,787,576,511,249,182,1178,428,"70426",14400,"10_to_14_min",6,6,1
"8","Albuquerque, NM Urbanized Area (2010)",766219,340135,6561,31957,46339,68686,67080,23677,44981,5883,10732,18049,11254,4936,"01171",170068,"20_to_24_min",8,5,1
"18","Ann Arbor, MI Urbanized Area (2010)",323077,153268,2491,12196,24453,30666,27058,11964,17082,2871,6201,11360,5220,1706,"02602",76634,"20_to_24_min",8,5,1
"28","Augusta-Richmond County, GA--SC Urbanized Area (2010)",415157,175505,4620,13315,31256,35743,29435,10695,24117,3681,4644,9396,6615,1988,"04222",87753,"20_to_24_min",8,5,1
"68","Charleston--North Charleston, SC Urbanized Area (2010)",620291,291684,4934,23282,35643,46855,51270,22518,49965,11850,11062,20382,9901,4022,"15508",145842,"20_to_24_min",8,5,1
"77","Cleveland, OH Urbanized Area (2010)",1754347,798006,20835,67831,97369,125175,134642,68616,119869,33669,34737,58009,27080,10174,"17668",399004,"20_to_24_min",8,5,1
"83","Columbia, SC Urbanized Area (2010)",597067,279498,17533,22320,37946,52892,46281,16467,40639,10369,7470,14931,7831,4819,"18964",139750,"20_to_24_min",8,5,2
"94","Daphne--Fairhope, AL Urbanized Area (2010)",70876,27924,476,1996,4045,5709,2456,2134,5329,667,1500,2146,1230,236,"22285",13962,"20_to_24_min",8,5,1
"97","Dayton, OH Urbanized Area (2010)",727627,320452,9910,35387,56536,58142,57692,27420,32697,7608,8184,12160,10338,4378,"22528",160226,"20_to_24_min",8,5,1
"163","Hartford, CT Urbanized Area (2010)",924956,430437,13006,38880,69933,69043,75606,32909,59970,12979,16056,20688,13867,7500,"37243",215219,"20_to_24_min",8,5,2
"176","Indianapolis, IN Urbanized Area (2010)",1598234,755102,14712,67775,94865,114629,139165,66411,117040,30118,28564,47724,22236,11863,"41212",377552,"20_to_24_min",8,5,2
"283","Ogden--Layton, UT Urbanized Area (2010)",600468,270187,7017,31177,43446,52366,40364,19342,27603,8313,9328,16658,11148,3425,"64945",135094,"20_to_24_min",8,5,1
"291","Palm Bay--Melbourne, FL Urbanized Area (2010)",484824,189221,3998,15179,27174,34247,32818,13138,27672,4763,9178,10964,7351,2739,"67105",94611,"20_to_24_min",8,5,1
"295","Pensacola, FL--AL Urbanized Area (2010)",360619,146642,2915,14259,20364,31263,26922,13166,16063,2071,4540,7950,4184,2945,"68482",73322,"20_to_24_min",8,5,2
"302","Ponce, PR Urbanized Area (2010)",131749,34933,366,1183,6024,9680,6011,3102,4180,791,577,1252,1120,647,"70642",17467,"20_to_24_min",8,5,2
"317","Raleigh, NC Urbanized Area (2010)",1021681,491369,7768,39154,61006,80534,79044,41057,81072,16504,21421,39440,17669,6700,"73261",245685,"20_to_24_min",8,5,1
"322","Richmond, VA Urbanized Area (2010)",1020577,486116,8035,35881,65874,90305,97414,42778,75152,14342,13280,20163,12124,10768,"74746",243058,"20_to_24_min",8,5,2
"328","Rock Hill, SC Urbanized Area (2010)",110435,51436,785,3514,8631,9888,6404,3315,7141,1839,1986,5529,1768,636,"75745",25718,"20_to_24_min",8,5,1
"337","St. Louis, MO--IL Urbanized Area (2010)",2160582,1012249,16768,82189,127991,164668,178906,82952,160438,37254,41638,70800,32174,16471,"77770",506125,"20_to_24_min",8,5,2
"339","Salinas, CA Urbanized Area (2010)",190450,83315,646,3364,8383,22023,20103,7320,8798,1472,2679,4435,2292,1800,"78310",41658,"20_to_24_min",8,5,2
"357","Saratoga Springs, NY Urbanized Area (2010)",67661,32402,700,2386,4986,4237,5290,1229,4856,1076,2005,4143,994,500,"79633",16202,"20_to_24_min",8,5,2
"376","Springfield, MA--CT Urbanized Area (2010)",626676,279331,8337,29322,44356,48458,49242,21927,35863,6426,8412,14269,8229,4490,"83926",139666,"20_to_24_min",8,5,2
"409","Virginia Beach, VA Urbanized Area (2010)",1473064,726443,24554,69084,100198,130857,123321,52425,107289,20093,23274,41206,24297,9845,"90892",363222,"20_to_24_min",8,5,1
"3","Abilene, TX Urbanized Area (2010)",117690,50590,2484,7684,14323,14963,4083,680,2750,272,771,297,833,1450,"00280",25296,"15_to_19_min",7,5,3
"5","Akron, OH Urbanized Area (2010)",579127,260804,6181,29744,43216,51620,38393,20805,24705,9525,8578,15279,9946,2812,"00766",130402,"15_to_19_min",7,5,1
"13","Amarillo, TX Urbanized Area (2010)",203317,92185,3109,10314,20865,26966,15493,2338,4514,820,1311,2225,2835,1395,"01927",46093,"15_to_19_min",7,5,2
"46","Bloomington, IN Urbanized Area (2010)",113392,52930,1504,11141,13410,14131,5254,767,2509,308,871,485,1841,709,"08380",26466,"15_to_19_min",7,5,1
"52","Bowling Green, KY Urbanized Area (2010)",88041,40351,1671,5273,9744,9733,5019,1285,3431,262,970,1003,1329,631,"09379",20176,"15_to_19_min",7,5,2
"58","Burlington, NC Urbanized Area (2010)",124840,55758,1928,6314,9924,12253,6842,1643,5640,2098,2690,3821,1898,707,"11728",27880,"15_to_19_min",7,5,1
"96","Davis, CA Urbanized Area (2010)",77174,30495,427,3955,7388,5872,3847,1477,3631,627,728,880,811,852,"22420",15248,"15_to_19_min",7,5,3
"116","Elmira, NY Urbanized Area (2010)",68259,29364,1002,5600,7817,3968,3482,1859,2389,245,663,971,689,679,"27118",14682,"15_to_19_min",7,5,2
"120","Eugene, OR Urbanized Area (2010)",262036,116846,3921,16322,28312,28583,18124,4947,8088,751,706,1184,3803,2105,"28117",58424,"15_to_19_min",7,5,2
"131","Florence, SC Urbanized Area (2010)",88576,38855,1281,4567,7328,9607,5435,1792,3872,560,531,1884,1753,245,"30061",19428,"15_to_19_min",7,5,1
"152","Greenville, NC Urbanized Area (2010)",125564,54219,932,8262,15998,10789,6644,2205,2873,718,1475,1837,2193,293,"35380",27110,"15_to_19_min",7,5,1
"155","Gulfport, MS Urbanized Area (2010)",228121,101543,4212,10654,18436,17522,17206,7413,13956,1682,1185,4517,2830,1930,"35920",50772,"15_to_19_min",7,5,2
"166","Hickory, NC Urbanized Area (2010)",213562,86744,2510,11586,15909,17388,12532,5859,9685,2790,944,3635,2651,1255,"38647",43372,"15_to_19_min",7,5,1
"179","Jackson, MI Urbanized Area (2010)",89300,34103,1732,4610,8157,6755,3839,1123,1927,684,1390,2107,1244,535,"42157",17052,"15_to_19_min",7,5,2
"197","Killeen, TX Urbanized Area (2010)",233580,103894,6128,15123,18076,24447,15698,5613,7223,994,1254,3984,4314,1040,"44992",51948,"15_to_19_min",7,5,1
"206","Lake Charles, LA Urbanized Area (2010)",148836,62234,1440,8797,13228,16543,9225,2882,5065,301,102,1748,1290,1613,"46531",31118,"15_to_19_min",7,5,3
"208","Lakeland, FL Urbanized Area (2010)",299918,126084,2027,8058,24580,30706,21019,6098,14885,2206,3381,6557,4721,1846,"46828",63042,"15_to_19_min",7,5,1
"229","Longview, TX Urbanized Area (2010)",101442,41855,1710,7025,6878,9198,5232,1998,3789,462,1469,1835,1017,1242,"51256",20928,"15_to_19_min",7,5,3
"312","Prescott Valley--Prescott, AZ Urbanized Area (2010)",94428,31638,1184,5167,5277,5410,4523,3434,3554,140,439,1043,524,943,"72112",15820,"15_to_19_min",7,5,3
"334","St. Cloud, MN Urbanized Area (2010)",114574,57542,1869,9402,15019,14816,6919,2361,2127,480,724,1029,1565,1231,"77338",28772,"15_to_19_min",7,5,2
"340","Salisbury, MD--DE Urbanized Area (2010)",104517,45877,993,8053,9629,8072,4529,1483,6022,895,1167,2636,1793,605,"78364",22939,"15_to_19_min",7,5,1
"353","Santa Fe, NM Urbanized Area (2010)",93663,44016,1059,5892,8175,10099,7392,1495,4348,799,464,1952,1993,348,"79363",22008,"15_to_19_min",7,5,1
"354","Santa Maria, CA Urbanized Area (2010)",144103,66486,1457,9069,13833,10144,12003,3137,8193,873,2333,1832,2683,929,"79417",33244,"15_to_19_min",7,5,1
"359","Scranton, PA Urbanized Area (2010)",371831,161897,6874,23089,31128,30137,24039,9179,14431,3234,4919,6249,5242,3376,"80227",80949,"15_to_19_min",7,5,2
"365","Sherman, TX Urbanized Area (2010)",69151,30234,1359,5975,6608,6892,4076,442,1484,290,157,1419,882,650,"81631",15118,"15_to_19_min",7,5,2
"378","Springfield, OH Urbanized Area (2010)",83729,36740,1627,6188,7335,7002,3167,988,3048,2208,751,2448,1691,287,"83980",18370,"15_to_19_min",7,5,1
"386","Temple, TX Urbanized Area (2010)",94443,40418,1918,5341,10362,9273,3562,1222,4395,746,316,1355,1646,282,"87058",20210,"15_to_19_min",7,5,1
"387","Terre Haute, IN Urbanized Area (2010)",93884,39941,1546,6169,10093,6518,5953,1379,2823,1350,1053,1007,1245,805,"87139",19971,"15_to_19_min",7,5,2
"410","Visalia, CA Urbanized Area (2010)",226708,85953,1617,11917,20278,13954,14780,4120,7895,1671,1894,3755,2456,1616,"90946",42977,"15_to_19_min",7,5,2
"423","Wheeling, WV--OH Urbanized Area (2010)",81108,35004,1834,5319,6573,6522,4344,2011,2892,425,617,2766,1166,535,"94726",17502,"15_to_19_min",7,5,2
"435","Youngstown, OH--PA Urbanized Area (2010)",370731,151036,6004,19870,25748,32297,24572,11321,12345,2241,3306,5590,5128,2614,"97831",75518,"15_to_19_min",7,5,2
"363","Sebring--Avon Park, FL Urbanized Area (2010)",69970,19372,1590,4882,3507,2695,2420,253,1900,661,0,435,848,181,"80416",9686,"10_to_14_min",6,5,1
"364","Sheboygan, WI Urbanized Area (2010)",69529,33757,728,8056,8830,7962,3452,847,711,244,369,734,1424,400,"81118",16879,"10_to_14_min",6,5,1
"406","Victoria, TX Urbanized Area (2010)",66694,32005,822,7863,8997,5049,2449,235,2208,112,864,1964,905,537,"90514",16003,"10_to_14_min",6,5,2
"219","Lee's Summit, MO Urbanized Area (2010)",89812,42683,554,3584,5828,5939,4652,2332,8604,1576,2965,5115,1117,417,"48826",21342,"25_to_29_min",9,4,1
"43","Birmingham, AL Urbanized Area (2010)",756708,346408,4779,30289,45859,59178,57218,33536,56178,11363,11169,22697,10075,4067,"07786",173204,"20_to_24_min",8,4,1
"75","Cincinnati, OH--KY--IN Urbanized Area (2010)",1675232,783441,16218,70348,107389,129564,144160,65789,113260,25738,31531,48213,19439,11792,"16885",391721,"20_to_24_min",8,4,2
"81","Colorado Springs, CO Urbanized Area (2010)",612562,281269,7926,29951,42203,53594,54119,23408,33491,6171,6978,11345,7373,4710,"18856",140635,"20_to_24_min",8,4,2
"117","El Paso, TX--NM Urbanized Area (2010)",816924,334205,7509,30229,46063,62112,62340,26045,48284,8273,11411,17311,8019,6609,"27253",167103,"20_to_24_min",8,4,2
"126","Fayetteville, NC Urbanized Area (2010)",329517,139018,5122,14932,21414,25122,26444,8582,19116,3568,2443,6360,3467,2448,"29440",69510,"20_to_24_min",8,4,2
"135","Fort Walton Beach--Navarre--Wright, FL Urbanized Area (2010)",206147,96086,3333,12410,14660,14106,13572,5555,13173,4523,3528,7624,2702,900,"31060",48044,"20_to_24_min",8,4,1
"167","High Point, NC Urbanized Area (2010)",181326,74304,1937,8806,11273,13381,11227,6602,11493,2831,1273,2140,1442,1899,"38809",37152,"20_to_24_min",8,4,3
"168","Hilton Head Island, SC Urbanized Area (2010)",70605,34390,484,4233,5702,5397,5206,1808,7146,306,1289,1525,914,380,"39079",17196,"20_to_24_min",8,4,1
"200","Knoxville, TN Urbanized Area (2010)",593182,268472,5466,23827,42650,52453,49119,21759,39306,6123,6100,11849,5848,3972,"45640",134236,"20_to_24_min",8,4,1
"205","Lafayette--Louisville--Erie, CO Urbanized Area (2010)",97511,42240,1365,3675,4462,6200,8054,4343,6479,1399,1557,2828,1496,382,"46126",21120,"20_to_24_min",8,4,1
"214","Las Vegas--Henderson, NV Urbanized Area (2010)",2090708,934091,10095,50559,114428,159226,184028,89777,177239,27557,32026,48348,24760,16048,"47995",467046,"20_to_24_min",8,4,2
"231","Lorain--Elyria, OH Urbanized Area (2010)",181611,77105,2372,9236,10650,11049,11507,7568,8627,3499,2705,6513,2622,757,"51364",38553,"20_to_24_min",8,4,1
"246","Mauldin--Simpsonville, SC Urbanized Area (2010)",143181,68179,947,5114,10507,15364,13250,6032,8077,1690,2138,2404,878,1778,"55603",34090,"20_to_24_min",8,4,3
"247","Mayaguez, PR Urbanized Area (2010)",99192,22907,374,1594,3369,5382,3155,2236,3200,290,859,1603,658,187,"55738",11454,"20_to_24_min",8,4,1
"252","Middletown, OH Urbanized Area (2010)",97502,40982,1220,4182,4975,5180,7498,2924,5905,2979,1681,2769,1469,200,"56926",20492,"20_to_24_min",8,4,0
"254","Milwaukee, WI Urbanized Area (2010)",1383907,654730,14823,63416,95898,121073,122603,51361,92878,19126,18320,31442,15733,8057,"57466",327366,"20_to_24_min",8,4,1
"255","Minneapolis--St. Paul, MN--WI Urbanized Area (2010)",2811122,1422448,25358,122321,177285,234978,252000,126262,215738,51679,61791,92777,44351,17908,"57628",711224,"20_to_24_min",8,4,1
"258","Mobile, AL Urbanized Area (2010)",326444,134329,3222,8895,18579,25792,24937,9358,23877,1734,2998,9358,3591,1988,"57925",67165,"20_to_24_min",8,4,1
"269","Nampa, ID Urbanized Area (2010)",166214,66927,3612,8928,8665,7516,12326,3887,9570,3310,3635,3108,1104,1266,"60976",33464,"20_to_24_min",8,4,2
"316","Racine, WI Urbanized Area (2010)",133138,56589,1805,7115,9580,8132,8872,4029,5606,1363,3077,4483,1547,980,"73153",28295,"20_to_24_min",8,4,2
"324","Roanoke, VA Urbanized Area (2010)",216746,97500,1055,7807,11944,17975,15420,4323,30199,729,1137,2837,2777,1297,"75421",48750,"20_to_24_min",8,4,1
"341","Salt Lake City--West Valley City, UT Urbanized Area (2010)",1102282,533591,10260,45854,77248,103729,101983,45958,75165,11014,15873,27633,13371,5503,"78499",266796,"20_to_24_min",8,4,1
"358","Savannah, GA Urbanized Area (2010)",284298,129321,4877,12546,19750,24062,21961,9310,19872,2285,2233,7366,3183,1876,"79768",64661,"20_to_24_min",8,4,1
"395","Tucson, AZ Urbanized Area (2010)",869249,358407,6660,36152,47961,61281,65092,27987,54231,10872,11086,22800,9285,5000,"88732",179204,"20_to_24_min",8,4,1
"421","West Bend, WI Urbanized Area (2010)",73085,36055,1390,6400,5347,3081,4306,2640,3892,1783,2145,3513,1006,552,"93916",18028,"20_to_24_min",8,4,2
"31","Bakersfield, CA Urbanized Area (2010)",561917,216162,3683,18210,40370,47465,42154,15157,22587,3002,5882,8938,4299,4415,"04681",108082,"15_to_19_min",7,4,2
"35","Battle Creek, MI Urbanized Area (2010)",78093,33305,1117,3776,10316,6947,5248,1586,1330,290,734,490,1152,319,"05707",16653,"15_to_19_min",7,4,1
"39","Beloit, WI--IL Urbanized Area (2010)",65104,27930,918,4750,5736,4420,3120,1927,2823,1220,437,1586,354,639,"06760",13966,"15_to_19_min",7,4,2
"44","Bismarck, ND Urbanized Area (2010)",88868,47587,1804,5851,11702,16699,5146,941,2314,246,156,900,936,892,"07921",23794,"15_to_19_min",7,4,2
"45","Blacksburg, VA Urbanized Area (2010)",91752,45022,518,9673,11076,8898,5604,1639,2797,571,741,1586,1597,322,"08002",22512,"15_to_19_min",7,4,1
"51","Boulder, CO Urbanized Area (2010)",124622,58557,1960,9494,11857,13167,7787,2472,4868,769,1652,2445,1545,541,"09298",29279,"15_to_19_min",7,4,1
"59","Burlington, VT Urbanized Area (2010)",112195,58177,1303,8187,11935,12451,10494,3086,4728,1022,847,1957,1669,498,"11755",29089,"15_to_19_min",7,4,1
"84","Columbus, GA--AL Urbanized Area (2010)",262516,105439,2147,8718,23217,22534,21694,5315,9285,2137,2437,3904,2033,2018,"19099",52720,"15_to_19_min",7,4,2
"98","Decatur, AL Urbanized Area (2010)",67836,28503,1541,4373,7129,4000,3046,609,3542,650,1047,1447,464,655,"22690",14252,"15_to_19_min",7,4,2
"112","Eau Claire, WI Urbanized Area (2010)",107337,52525,2302,8599,13933,11253,6673,2433,3541,207,493,1151,1232,708,"26038",26263,"15_to_19_min",7,4,1
"113","El Centro--Calexico, CA Urbanized Area (2010)",113506,37431,308,5206,9138,7464,6614,1897,3273,223,592,1115,898,703,"26416",18716,"15_to_19_min",7,4,2
"121","Evansville, IN--KY Urbanized Area (2010)",230451,108236,4439,14923,19362,22379,16662,7858,10555,1763,2688,3713,2008,1886,"28333",54118,"15_to_19_min",7,4,2
"136","Fort Wayne, IN Urbanized Area (2010)",326227,146941,2609,14294,28610,30694,29934,12343,12869,3347,2100,4697,2823,2621,"31087",73471,"15_to_19_min",7,4,2
"139","Fresno, CA Urbanized Area (2010)",693179,268660,5398,24184,45810,63533,56002,19149,27104,2096,3141,10316,6749,5178,"31843",134330,"15_to_19_min",7,4,2
"140","Gainesville, FL Urbanized Area (2010)",197807,83105,2083,8638,12426,22111,15649,5056,8536,984,1350,3143,1217,1912,"32167",41553,"15_to_19_min",7,4,2
"146","Grand Junction, CO Urbanized Area (2010)",132281,55279,1438,9955,14924,11662,9274,1515,2555,235,360,986,1765,610,"34273",27640,"15_to_19_min",7,4,1
"158","Hanford, CA Urbanized Area (2010)",90396,39317,1590,7211,8096,6271,3666,1767,5064,100,2179,1869,1121,383,"36703",19659,"15_to_19_min",7,4,1
"161","Harrisburg, PA Urbanized Area (2010)",466630,218835,4575,23770,37454,47220,36515,17001,26530,4965,4870,7324,4678,3933,"37081",109418,"15_to_19_min",7,4,2
"173","Huntington, WV--KY--OH Urbanized Area (2010)",203162,77886,3976,10746,13852,12544,12550,5220,8148,1988,1850,3802,2225,985,"40753",38944,"15_to_19_min",7,4,1
"177","Indio--Cathedral City, CA Urbanized Area (2010)",366014,135517,2503,18447,29468,28175,23753,7788,13094,1458,2080,2922,1630,4199,"41347",67759,"15_to_19_min",7,4,3
"211","Lansing, MI Urbanized Area (2010)",321812,146274,4258,19594,32715,34148,26147,8788,8006,1234,1296,4287,3561,2240,"47719",73138,"15_to_19_min",7,4,2
"221","Lexington-Fayette, KY Urbanized Area (2010)",313293,153874,4268,14659,25929,34602,30108,10218,17559,2184,3247,4620,5285,1195,"49582",76938,"15_to_19_min",7,4,1
"236","McAllen, TX Urbanized Area (2010)",796635,279102,5225,25915,42647,71160,55927,19563,34736,3943,3225,6718,5714,4329,"52390",139552,"15_to_19_min",7,4,2
"238","Macon, GA Urbanized Area (2010)",134911,50148,1726,6186,8987,12583,8006,1907,5382,656,977,1574,1122,1042,"52822",25074,"15_to_19_min",7,4,2
"261","Montgomery, AL Urbanized Area (2010)",258367,112302,2939,11904,18805,26581,19748,7902,13324,1944,1208,3311,2858,1778,"58600",56152,"15_to_19_min",7,4,2
"278","Norman, OK Urbanized Area (2010)",114795,55545,2326,10560,10362,10524,5438,2004,5685,953,1769,3508,1665,751,"63433",27773,"15_to_19_min",7,4,1
"314","Provo--Orem, UT Urbanized Area (2010)",543593,231617,8488,31784,45113,47195,30459,13465,22934,4791,6130,11099,7443,2716,"72559",115809,"15_to_19_min",7,4,1
"315","Pueblo, CO Urbanized Area (2010)",140031,55950,1981,8488,13978,11157,7151,1432,4335,897,1163,3261,1325,782,"72613",27976,"15_to_19_min",7,4,1
"320","Redding, CA Urbanized Area (2010)",119469,46639,1285,7369,14547,11077,5863,1362,2210,257,86,798,927,858,"73774",23320,"15_to_19_min",7,4,2
"321","Reno, NV--CA Urbanized Area (2010)",423811,202595,5215,18453,38037,42488,39574,14527,21437,3627,4317,7517,4731,2672,"74179",101298,"15_to_19_min",7,4,1
"360","Seaside--Monterey, CA Urbanized Area (2010)",113374,50200,1536,7735,9706,10146,9423,2112,4309,1252,366,1461,929,1225,"80362",25100,"15_to_19_min",7,4,2
"371","South Bend, IN--MI Urbanized Area (2010)",287902,123573,3348,10295,20332,31451,21210,9043,14229,3064,1697,4358,2005,2541,"83116",61787,"15_to_19_min",7,4,2
"374","Spokane, WA Urbanized Area (2010)",408943,177390,5403,18906,28799,35766,31534,14423,22444,4021,3459,6277,3403,2955,"83764",88696,"15_to_19_min",7,4,2
"391","Toledo, OH--MI Urbanized Area (2010)",500993,225432,6421,29662,34689,46036,44547,16456,22972,3774,3333,7584,6373,3585,"87868",112716,"15_to_19_min",7,4,2
"398","Tuscaloosa, AL Urbanized Area (2010)",153687,69377,1696,7149,13935,14551,14044,5587,5636,279,799,2866,2317,518,"89110",34689,"15_to_19_min",7,4,1
"400","Tyler, TX Urbanized Area (2010)",141003,56615,1560,7365,10483,9934,10685,2413,6963,1148,1277,2609,1698,480,"89326",28308,"15_to_19_min",7,4,1
"420","Wenatchee, WA Urbanized Area (2010)",73399,31389,1775,5253,6796,8384,3994,602,1550,62,368,1222,790,593,"93862",15695,"15_to_19_min",7,4,2
"427","Wilmington, NC Urbanized Area (2010)",244561,104162,2695,10258,19659,21495,21161,8615,10405,1180,1889,3060,2185,1560,"95833",52082,"15_to_19_min",7,4,1
"429","Winston-Salem, NC Urbanized Area (2010)",416807,180185,3483,20021,32825,37830,33136,12070,19760,3936,3765,6726,3323,3310,"96670",90093,"15_to_19_min",7,4,2
"63","Carbondale, IL Urbanized Area (2010)",68740,27922,1758,7207,5655,4138,2088,1123,3327,196,206,1043,940,241,"13591",13962,"10_to_14_min",6,4,1
"175","Idaho Falls, ID Urbanized Area (2010)",96288,42184,878,8648,11863,9068,3521,1985,1782,393,431,1827,1140,648,"40996",21092,"10_to_14_min",6,4,2
"215","Lawrence, KS Urbanized Area (2010)",96044,54537,3904,11311,12106,8612,2853,1983,3599,777,1904,5549,1619,320,"48232",27269,"10_to_14_min",6,4,1
"304","Porterville, CA Urbanized Area (2010)",70463,22737,913,3049,7688,2915,1681,199,1648,529,868,2403,335,509,"71074",11369,"10_to_14_min",6,4,2
"336","St. Joseph, MO--KS Urbanized Area (2010)",80531,35679,2160,6730,10173,9032,2308,586,1728,134,156,1191,1081,400,"77743",17840,"10_to_14_min",6,4,1
"342","San Angelo, TX Urbanized Area (2010)",102090,48152,2714,10936,15942,10580,3321,779,1030,106,80,607,893,1164,"78553",24076,"10_to_14_min",6,4,2
"7","Albany--Schenectady, NY Urbanized Area (2010)",597692,287147,9516,30125,43853,57199,48722,20955,41091,6325,7639,11828,6420,3474,"00970",143574,"20_to_24_min",8,3,1
"49","Bonita Springs, FL Urbanized Area (2010)",347888,130816,1866,13772,21760,25069,21232,9674,18907,4004,3879,6380,2406,1867,"08974",65408,"20_to_24_min",8,3,1
"57","Buffalo, NY Urbanized Area (2010)",931311,421298,12073,45909,67373,82597,82728,37269,47819,10253,7973,15712,5997,5595,"11350",210650,"20_to_24_min",8,3,1
"71","Chattanooga, TN--GA Urbanized Area (2010)",396541,169816,3165,17058,25752,28871,34065,16213,22712,4792,3061,8204,2814,3109,"15832",84908,"20_to_24_min",8,3,2
"85","Columbus, OH Urbanized Area (2010)",1493961,724651,16910,62907,95942,129346,140069,69376,110978,19124,20106,34892,15378,9623,"19234",362326,"20_to_24_min",8,3,1
"153","Greenville, SC Urbanized Area (2010)",424337,189133,5379,18230,29774,33236,30657,15761,26879,6727,5626,10795,3218,2851,"35461",94567,"20_to_24_min",8,3,2
"170","Homosassa Springs--Beverly Hills--Citrus Springs, FL Urbanized Area (2010)",83983,25438,540,1834,4740,4529,3939,2018,4296,475,617,1686,147,617,"39758",12720,"20_to_24_min",8,3,2
"180","Jackson, MS Urbanized Area (2010)",356131,163831,3277,10333,23991,30237,37025,15339,25558,4364,3261,5379,3234,1833,"42211",81916,"20_to_24_min",8,3,1
"194","Kansas City, MO--KS Urbanized Area (2010)",1591885,774235,17634,71423,112445,142627,148947,61226,114064,21256,25484,39234,14250,5645,"43912",387118,"20_to_24_min",8,3,1
"202","Lady Lake--The Villages, FL Urbanized Area (2010)",117276,23871,531,3191,3482,4555,4620,892,3216,568,377,1764,311,364,"45937",11936,"20_to_24_min",8,3,2
"224","Little Rock, AR Urbanized Area (2010)",453670,205675,5838,20626,35783,39315,42351,12896,26640,5064,4252,7710,2969,2231,"50392",102838,"20_to_24_min",8,3,1
"233","Louisville/Jefferson County, KY--IN Urbanized Area (2010)",1000136,466039,7264,39507,65990,86338,89172,40369,70884,14205,13679,23549,10155,4927,"51755",233020,"20_to_24_min",8,3,1
"249","Memphis, TN--MS--AR Urbanized Area (2010)",1074600,469196,6763,39163,60610,81674,94270,39101,83376,12218,13998,24767,7217,6039,"56116",234598,"20_to_24_min",8,3,1
"284","Oklahoma City, OK Urbanized Area (2010)",932416,429813,9833,43787,64079,81469,89737,35559,59585,9097,9468,15139,6468,5592,"65080",214907,"20_to_24_min",8,3,1
"15","Anchorage, AK Urbanized Area (2010)",258013,133606,4923,20044,30780,34530,25866,4631,6478,598,572,1643,2021,1520,"02305",66804,"15_to_19_min",7,3,1
"17","Anderson, SC Urbanized Area (2010)",81267,34889,1884,2985,6082,8584,4820,1361,3704,775,1046,2558,260,830,"02413",17445,"15_to_19_min",7,3,2
"23","Asheville, NC Urbanized Area (2010)",292147,128325,3059,14611,28679,28968,20223,7988,12102,2329,2391,4717,1638,1620,"03358",64163,"15_to_19_min",7,3,1
"27","Auburn, AL Urbanized Area (2010)",84072,37399,591,5734,9454,7586,3936,1498,3776,514,345,2823,959,183,"04033",18700,"15_to_19_min",7,3,0
"47","Bloomington--Normal, IL Urbanized Area (2010)",134878,69414,1810,12184,19534,16668,8447,1359,1999,961,1393,2937,1388,734,"08407",34708,"15_to_19_min",7,3,1
"48","Boise City, ID Urbanized Area (2010)",390045,181694,4046,14677,33444,41076,40036,13002,21006,3483,2022,3899,2444,2559,"08785",90848,"15_to_19_min",7,3,1
"56","Brownsville, TX Urbanized Area (2010)",230844,79252,2072,7683,9865,20277,16392,5307,11745,239,601,3054,1110,907,"10972",39626,"15_to_19_min",7,3,1
"64","Casper, WY Urbanized Area (2010)",70665,35205,2122,5936,8716,9329,5098,1118,773,142,650,277,528,516,"14482",17603,"15_to_19_min",7,3,1
"65","Cedar Rapids, IA Urbanized Area (2010)",186623,95584,3115,11987,22960,23031,13979,5568,6959,1469,1825,1869,1757,1065,"14752",47792,"15_to_19_min",7,3,1
"67","Charleston, WV Urbanized Area (2010)",150524,66299,2086,7812,12419,15280,10432,5591,6098,1143,1825,1804,1095,714,"15481",33150,"15_to_19_min",7,3,1
"70","Charlottesville, VA Urbanized Area (2010)",100888,45378,1125,4486,11334,11207,7130,1120,3658,1177,730,1897,1014,500,"15724",22690,"15_to_19_min",7,3,1
"79","Coeur d'Alene, ID Urbanized Area (2010)",112254,47091,2655,7467,9232,9361,6354,2142,4828,655,867,2236,773,521,"18451",23546,"15_to_19_min",7,3,1
"80","College Station--Bryan, TX Urbanized Area (2010)",195896,88530,2734,12967,24044,21238,14766,3529,5099,697,309,874,1132,1141,"18748",44266,"15_to_19_min",7,3,1
"90","Corpus Christi, TX Urbanized Area (2010)",339410,154093,3240,15812,32569,42094,28273,7020,13584,1353,1196,4390,2906,1656,"20287",77047,"15_to_19_min",7,3,1
"95","Davenport, IA--IL Urbanized Area (2010)",284781,127942,4514,16973,26434,28151,21827,9821,11021,1820,1629,2218,2045,1489,"22366",63972,"15_to_19_min",7,3,1
"99","Decatur, IL Urbanized Area (2010)",89587,36130,1780,7170,8447,8583,5336,750,1208,24,253,1416,807,356,"22717",18066,"15_to_19_min",7,3,1
"110","Duluth, MN--WI Urbanized Area (2010)",115390,56963,2143,11570,13119,12478,8254,2698,3803,284,638,531,797,648,"24850",28482,"15_to_19_min",7,3,1
"114","Elizabethtown--Radcliff, KY Urbanized Area (2010)",73846,31609,1003,5839,5386,8808,3486,944,2406,641,555,1678,496,367,"26750",15805,"15_to_19_min",7,3,1
"119","Erie, PA Urbanized Area (2010)",190927,83291,2670,11939,17432,20110,14023,4772,6058,855,1076,1974,1393,989,"27766",41646,"15_to_19_min",7,3,1
"147","Grand Rapids, MI Urbanized Area (2010)",611815,294430,9036,31834,51865,64286,58018,21480,30330,5288,5891,7636,6254,2512,"34300",147216,"15_to_19_min",7,3,1
"150","Green Bay, WI Urbanized Area (2010)",215416,107182,3773,15396,23659,24288,18387,4501,5349,1487,1603,5051,2318,1370,"34813",53592,"15_to_19_min",7,3,1
"160","Harlingen, TX Urbanized Area (2010)",139643,50261,1980,6351,10683,10872,4612,3556,7221,250,1417,1785,574,960,"36892",25131,"15_to_19_min",7,3,2
"162","Harrisonburg, VA Urbanized Area (2010)",72688,33652,1282,6396,7324,8960,4298,1220,1967,434,669,18,793,291,"37162",16826,"15_to_19_min",7,3,1
"169","Holland, MI Urbanized Area (2010)",102876,51651,2165,10481,11957,12041,4855,2091,2936,912,978,1465,785,985,"39430",25826,"15_to_19_min",7,3,2
"183","Jacksonville, NC Urbanized Area (2010)",106938,52343,3910,9790,10488,9159,8116,2760,4703,912,192,841,948,524,"42400",26172,"15_to_19_min",7,3,1
"185","Johnson City, TN Urbanized Area (2010)",126628,56338,2297,8454,11663,9749,7348,3738,6968,1068,920,2693,731,709,"43210",28170,"15_to_19_min",7,3,1
"192","Kalamazoo, MI Urbanized Area (2010)",222250,106209,3863,13875,22156,23736,16084,6463,9325,1293,1387,4632,2488,907,"43723",53105,"15_to_19_min",7,3,1
"201","La Crosse, WI--MN Urbanized Area (2010)",104291,51454,1989,10116,11699,10167,7303,2726,3986,251,803,1122,784,508,"45910",25728,"15_to_19_min",7,3,1
"203","Lafayette, IN Urbanized Area (2010)",160754,74094,1655,9884,19620,19512,8642,3179,5925,470,846,2066,1387,908,"46018",37048,"15_to_19_min",7,3,1
"212","Laredo, TX Urbanized Area (2010)",254988,92561,2089,8387,13212,25494,16909,4513,12548,732,1612,4053,1880,1132,"47854",46281,"15_to_19_min",7,3,1
"222","Lima, OH Urbanized Area (2010)",72286,30452,2017,5547,6224,5980,4064,1295,2273,268,718,1165,576,325,"49852",15226,"15_to_19_min",7,3,1
"223","Lincoln, NE Urbanized Area (2010)",278085,147207,3239,22228,29866,32571,24972,9591,12443,1349,1765,4559,3025,1599,"49933",73604,"15_to_19_min",7,3,1
"234","Lubbock, TX Urbanized Area (2010)",256813,120394,2176,19374,32525,36129,16270,1751,5333,631,863,2055,1508,1779,"51877",60198,"15_to_19_min",7,3,1
"235","Lynchburg, VA Urbanized Area (2010)",127601,56904,1336,8769,11919,15608,9371,2881,3162,671,148,1060,1639,340,"52201",28452,"15_to_19_min",7,3,1
"240","Madison, WI Urbanized Area (2010)",441435,240077,6696,29477,43188,48490,43848,18200,25334,5134,5326,7641,4637,2106,"53200",120039,"15_to_19_min",7,3,1
"253","Midland, TX Urbanized Area (2010)",139531,66938,3192,11627,18122,15064,8499,1305,4575,693,652,1225,793,1191,"57007",33470,"15_to_19_min",7,3,2
"262","Morgantown, WV Urbanized Area (2010)",75340,34030,933,4302,10492,8007,3805,935,2162,456,654,1163,446,675,"59275",17016,"15_to_19_min",7,3,2
"267","Muskegon, MI Urbanized Area (2010)",164004,68367,2174,9647,13494,14361,10117,3339,4680,1187,2703,4345,1023,1297,"60841",34184,"15_to_19_min",7,3,2
"288","Oshkosh, WI Urbanized Area (2010)",74602,36575,1750,8105,6631,6279,5133,2395,2742,831,682,777,555,695,"66160",18288,"15_to_19_min",7,3,2
"293","Panama City, FL Urbanized Area (2010)",161466,72653,1072,9185,11875,15644,11968,3265,11505,1130,1604,2927,1470,1008,"67294",36327,"15_to_19_min",7,3,1
"294","Parkersburg, WV--OH Urbanized Area (2010)",67426,25469,1851,3352,6222,4088,4354,1048,2357,327,230,784,646,210,"67672",12735,"15_to_19_min",7,3,1
"296","Peoria, IL Urbanized Area (2010)",266814,117361,2402,16653,26624,25496,20581,7055,9249,1749,1058,3010,1837,1647,"68509",58681,"15_to_19_min",7,3,1
"318","Rapid City, SD Urbanized Area (2010)",89833,40737,727,8288,9184,11316,6557,1095,1857,117,340,204,677,375,"73396",20369,"15_to_19_min",7,3,1
"326","Rochester, NY Urbanized Area (2010)",726102,334085,8949,34981,60429,70031,64643,29680,32677,6861,6039,10249,5436,4110,"75664",167043,"15_to_19_min",7,3,1
"332","Saginaw, MI Urbanized Area (2010)",121817,49862,1066,8106,10185,12130,6950,2908,4368,647,1045,786,573,1098,"77149",24932,"15_to_19_min",7,3,2
"366","Shreveport, LA Urbanized Area (2010)",302685,127733,3430,15358,25777,34572,21402,7418,11078,1105,1211,2604,1973,1805,"81739",63867,"15_to_19_min",7,3,1
"368","Sioux City, IA--NE--SD Urbanized Area (2010)",105076,50692,2486,8954,11629,11515,7342,1245,4042,459,431,1133,623,833,"82225",25346,"15_to_19_min",7,3,2
"373","Spartanburg, SC Urbanized Area (2010)",196426,86847,1714,10645,14814,19138,14106,6496,7976,1970,2386,4781,1533,1288,"83548",43424,"15_to_19_min",7,3,1
"375","Springfield, IL Urbanized Area (2010)",161193,70965,2406,8676,15220,19956,11933,2754,4488,180,567,2330,740,1715,"83899",35483,"15_to_19_min",7,3,2
"377","Springfield, MO Urbanized Area (2010)",284181,126684,3345,12859,23971,32303,24729,7403,12739,1664,625,3587,1547,1912,"83953",63342,"15_to_19_min",7,3,2
"380","State College, PA Urbanized Area (2010)",95549,39292,1124,8873,8339,11013,5548,982,1361,150,41,852,275,734,"84493",19646,"15_to_19_min",7,3,2
"383","Syracuse, NY Urbanized Area (2010)",411895,184127,6308,19648,36001,43120,36576,14331,13367,2286,2070,4494,3473,2453,"86302",92064,"15_to_19_min",7,3,1
"392","Topeka, KS Urbanized Area (2010)",148718,69002,1172,9908,17476,18340,11427,2591,3339,921,667,859,1983,319,"88084",34502,"15_to_19_min",7,3,0
"396","Tulsa, OK Urbanized Area (2010)",698848,317067,7505,34536,53764,70794,63393,23909,38187,4179,3881,7653,4734,4532,"88948",158534,"15_to_19_min",7,3,1
"402","Utica, NY Urbanized Area (2010)",112633,46317,2598,8673,11876,9099,5711,2799,1848,238,249,1879,939,408,"89785",23159,"15_to_19_min",7,3,1
"404","Valdosta, GA Urbanized Area (2010)",80062,33541,798,4784,5461,12477,4344,1265,2006,567,33,675,601,530,"89974",16771,"15_to_19_min",7,3,2
"411","Waco, TX Urbanized Area (2010)",183087,79595,1896,12315,18180,21799,11637,3541,4967,711,565,1401,985,1598,"91027",39798,"15_to_19_min",7,3,2
"424","Wichita, KS Urbanized Area (2010)",477761,225110,4513,26604,42426,52828,49602,14583,19639,1791,2099,4601,2770,3654,"95077",112556,"15_to_19_min",7,3,2
"14","Ames, IA Urbanized Area (2010)",67745,34568,1375,7098,9793,6548,3229,1923,714,362,1146,1448,789,143,"02062",17284,"10_to_14_min",6,3,0
"74","Chico, CA Urbanized Area (2010)",105429,45603,3004,8944,12251,8826,4351,834,4330,456,381,809,808,609,"16318",22802,"10_to_14_min",6,3,1
"109","Dubuque, IA--IL Urbanized Area (2010)",69527,36161,1650,7075,11308,8978,3799,726,739,142,231,493,200,820,"24823",18081,"10_to_14_min",6,3,2
"145","Grand Forks, ND--MN Urbanized Area (2010)",67694,35973,2346,8582,12703,6723,1833,501,846,155,405,817,742,320,"34219",17987,"10_to_14_min",6,3,1
"187","Jonesboro, AR Urbanized Area (2010)",70040,30000,1280,5179,8647,8241,2931,989,1049,188,173,356,768,199,"43345",15000,"10_to_14_min",6,3,1
"227","Logan, UT Urbanized Area (2010)",105847,49289,2228,13447,12743,9419,4155,1391,3125,384,258,669,709,761,"50959",24645,"10_to_14_min",6,3,2
"350","Santa Barbara, CA Urbanized Area (2010)",197761,90427,3178,19425,25536,20760,9560,1811,4331,563,1267,1416,1589,991,"79282",45214,"10_to_14_min",6,3,1
"388","Texarkana--Texarkana, TX--AR Urbanized Area (2010)",79077,28781,1137,5302,10986,5118,2128,675,1662,106,398,286,621,362,"87193",14391,"10_to_14_min",6,3,1
"413","Warner Robins, GA Urbanized Area (2010)",142027,65997,1206,6342,12136,12529,12120,4946,9685,1709,1153,2791,1115,265,"91783",32999,"20_to_24_min",8,2,0
"6","Albany, GA Urbanized Area (2010)",93386,35074,1177,3726,9596,8148,6254,989,2512,684,381,815,511,281,"00901",17538,"15_to_19_min",7,2,1
"12","Altoona, PA Urbanized Area (2010)",72855,30496,1523,6080,6806,6476,3526,1491,1196,404,295,1964,522,213,"01792",15248,"15_to_19_min",7,2,1
"21","Appleton, WI Urbanized Area (2010)",223760,113422,3996,16246,23123,28072,19672,6168,8652,1488,1418,2132,1164,1291,"02764",56712,"15_to_19_min",7,2,1
"37","Beaumont, TX Urbanized Area (2010)",148557,63577,1169,6915,11284,13344,16053,2350,6968,1770,649,1829,741,505,"06058",31789,"15_to_19_min",7,2,1
"41","Billings, MT Urbanized Area (2010)",117906,55773,1413,7757,15324,15056,9420,2966,1612,118,296,562,579,670,"07705",27887,"15_to_19_min",7,2,1
"42","Binghamton, NY--PA Urbanized Area (2010)",157909,65254,2416,9893,15476,17958,9541,2219,3226,749,780,1462,990,544,"07732",32628,"15_to_19_min",7,2,1
"66","Champaign, IL Urbanized Area (2010)",150682,74675,3121,9486,20843,18900,11084,3194,3425,601,447,1773,1046,755,"15211",37338,"15_to_19_min",7,2,1
"78","Cleveland, TN Urbanized Area (2010)",70220,30157,892,5937,5727,6995,2284,893,3031,810,1241,1716,589,42,"17722",15079,"15_to_19_min",7,2,0
"89","Conway, AR Urbanized Area (2010)",70869,31437,1324,6022,7050,5243,2743,904,1186,1123,1801,3471,551,19,"19801",15719,"15_to_19_min",7,2,0
"92","Dalton, GA Urbanized Area (2010)",85962,36991,1402,3644,5988,8643,7532,1432,4928,1062,558,1071,267,464,"22069",18496,"15_to_19_min",7,2,1
"106","Dothan, AL Urbanized Area (2010)",71909,28716,729,4378,6039,6436,4278,1246,2797,456,513,1162,415,267,"24472",14358,"15_to_19_min",7,2,1
"115","Elkhart, IN--MI Urbanized Area (2010)",147018,65308,1328,7722,13392,15027,11458,3908,7689,1207,905,1046,963,663,"26794",32654,"15_to_19_min",7,2,1
"127","Fayetteville--Springdale--Rogers, AR--MO Urbanized Area (2010)",347717,162587,5198,21308,35618,33594,26498,12098,14939,2282,3755,4066,2103,1128,"29494",81294,"15_to_19_min",7,2,1
"134","Fort Smith, AR--OK Urbanized Area (2010)",125332,52174,2776,6648,15336,11587,7416,2351,2421,466,28,1980,512,653,"30925",26088,"15_to_19_min",7,2,1
"151","Greensboro, NC Urbanized Area (2010)",336634,149951,1850,14533,24291,36471,30141,11516,13586,5188,2782,6061,1794,1738,"35164",74976,"15_to_19_min",7,2,1
"178","Iowa City, IA Urbanized Area (2010)",117870,62034,1601,8886,14505,14140,10057,3631,5042,1073,707,1106,834,452,"41590",31018,"15_to_19_min",7,2,1
"181","Jackson, TN Urbanized Area (2010)",71000,26770,925,3615,6434,9450,3188,444,999,112,525,641,62,375,"42265",13386,"15_to_19_min",7,2,1
"188","Joplin, MO Urbanized Area (2010)",83400,40250,1415,7346,8857,11879,4997,885,3096,298,51,572,574,280,"43399",20126,"15_to_19_min",7,2,1
"198","Kingsport, TN--VA Urbanized Area (2010)",109600,44010,1367,6141,7764,9059,7258,1944,5100,1600,869,1996,650,262,"45235",22006,"15_to_19_min",7,2,1
"213","Las Cruces, NM Urbanized Area (2010)",132107,54471,1686,7309,14367,10380,11253,2051,2989,1047,659,1885,474,371,"47935",27236,"15_to_19_min",7,2,1
"257","Missoula, MT Urbanized Area (2010)",85683,47720,1228,8005,13096,12853,5642,1278,3623,128,339,353,673,502,"57736",23860,"15_to_19_min",7,2,1
"268","Myrtle Beach--Socastee, SC--NC Urbanized Area (2010)",260815,106813,3677,12346,22066,21490,17681,9264,10352,2308,2443,2587,1304,1295,"60895",53407,"15_to_19_min",7,2,1
"286","Omaha, NE--IA Urbanized Area (2010)",774663,382170,10178,43000,67652,74862,78682,35547,43304,4723,5395,9486,5174,4167,"65269",191086,"15_to_19_min",7,2,1
"325","Rochester, MN Urbanized Area (2010)",113819,56799,649,10307,17306,13570,7181,1378,3102,614,580,841,922,349,"75637",28400,"15_to_19_min",7,2,1
"369","Sioux Falls, SD Urbanized Area (2010)",171906,91389,3047,12551,21306,24960,16429,4112,4665,130,1094,1201,957,937,"82252",45695,"15_to_19_min",7,2,1
"384","Tallahassee, FL Urbanized Area (2010)",253709,121233,2660,11979,18772,31689,23124,9726,13997,2445,1619,3230,1267,725,"86464",60617,"15_to_19_min",7,2,1
"418","Wausau, WI Urbanized Area (2010)",75665,36227,1373,6022,8842,7702,6152,981,2067,343,705,1224,280,536,"93025",18114,"15_to_19_min",7,2,1
"437","Yuma, AZ--CA Urbanized Area (2010)",135437,49374,1689,7727,12257,10448,7416,3791,3522,438,645,625,549,267,"98020",24688,"15_to_19_min",7,2,1
"40","Bend, OR Urbanized Area (2010)",100017,45394,1447,10140,14427,8968,4828,1264,2352,0,75,862,361,670,"06868",22698,"10_to_14_min",6,2,1
"72","Cheyenne, WY Urbanized Area (2010)",73607,34906,2114,7741,10180,9427,2900,728,265,0,108,849,219,375,"16237",17454,"10_to_14_min",6,2,1
"82","Columbia, MO Urbanized Area (2010)",131692,64464,1765,10858,21348,15052,6185,1217,3183,526,1107,1985,874,364,"18937",32232,"10_to_14_min",6,2,1
"216","Lawton, OK Urbanized Area (2010)",93543,38143,1919,8344,10839,10009,3314,576,1543,78,469,472,141,439,"48394",19072,"10_to_14_min",6,2,1
"335","St. George, UT Urbanized Area (2010)",115269,44635,2323,8516,13862,8310,5342,1090,2497,481,502,835,621,256,"77446",22318,"10_to_14_min",6,2,1
"416","Waterloo, IA Urbanized Area (2010)",115990,58816,3636,11405,16061,13422,9212,1174,1601,212,171,622,320,980,"92593",29408,"10_to_14_min",6,2,2
"425","Wichita Falls, TX Urbanized Area (2010)",98470,45726,1420,11433,14552,10999,3864,278,1086,121,79,932,241,721,"95104",22864,"10_to_14_min",6,2,2
"174","Huntsville, AL Urbanized Area (2010)",306102,143936,2796,12514,23635,32009,27250,13137,20879,3520,1890,4238,430,1638,"40780",71968,"20_to_24_min",8,1,1
"104","Des Moines, IA Urbanized Area (2010)",489754,247697,8340,27489,46082,52712,49884,21617,24992,4908,2889,5252,1818,1714,"23743",123849,"15_to_19_min",7,1,1
"125","Fargo, ND--MN Urbanized Area (2010)",199778,109059,4810,15352,29303,31187,16569,4122,4158,100,272,1689,856,641,"29089",54530,"15_to_19_min",7,1,1
"128","Flagstaff, AZ Urbanized Area (2010)",78102,35643,1341,7943,8432,10289,3747,283,1429,176,548,1050,201,204,"29818",17822,"15_to_19_min",7,1,1
"248","Medford, OR Urbanized Area (2010)",164157,66620,2828,15000,12560,17001,7801,2855,5271,583,788,965,648,320,"55981",33310,"15_to_19_min",7,1,0
"260","Monroe, LA Urbanized Area (2010)",115781,40254,1239,5377,11456,8154,6443,975,4533,540,168,921,348,100,"58330",20128,"15_to_19_min",7,1,0
"432","Yakima, WA Urbanized Area (2010)",137363,56368,1523,6262,11488,15660,9794,3039,6313,390,94,1099,203,503,"97507",28184,"15_to_19_min",7,1,1
